js-analytics-click href,scrollable-photos_img src,js-analytics-click href 2,scrollable-photos_img src 2,js-analytics-click href 4,icon_svg href,js-coachmark-tooltip,indexed-biz-name,biz-name,offscreen src,review-count,business-attribute,category-str-list,category-str-list href,offscreen,biz-phone,secondary-attributes,neighborhood-str-list,snippet,nowrap,nowrap href,category-str-list 2,category-str-list 3,category-str-list href 2,category-str-list 4,category-str-list href 3
https://www.yelp.com/biz/plein-air-cafe-and-eatery-chicago-2?osq=cafe,https://s3-media1.fl.yelpcdn.com/bphoto/NJMJQzqE4zbaQ9w4rOHXgg/ls.jpg,https://www.yelp.com/biz/plein-air-cafe-and-eatery-chicago-2?osq=cafe,"data:image/gif;base64,R0lGODlhAQABAIAAAAAAAP///yH5BAEAAAAALAAAAAABAAEAAAIBRAA7",https://www.yelp.com/biz_photos/hB7yORLU0e6yEcpzA75cUw,[object Object],Click on the arrow to explore business photos.,1.,Plein Air Cafe & Eatery,https://s3-media2.fl.yelpcdn.com/assets/srv0/yelp_design_web/9b34e39ccbeb/assets/img/stars/stars.png,179 reviews,$$,Cafes,https://www.yelp.com/search?cflt=cafes&find_desc=cafe&find_loc=Chicago%2C+IL+60637,Phone number,(773) 966-7531,5751 S Woodlawn Ave,Hyde Park,“This is probably one of my favorite places to do work on campus. They have such a good selection of drinks and food. Their hot chocolate is amazing! My fiancé…”,read more,https://www.yelp.com/biz/plein-air-cafe-and-eatery-chicago-2?hrid=p2HfFrdRsI7uTzS4AOU_Jg&osq=cafe,,,,,
https://www.yelp.com/biz/robust-coffee-lounge-chicago?osq=cafe,https://s3-media1.fl.yelpcdn.com/bphoto/ayXC_8IHewJgZ-sKVZTYRw/ls.jpg,https://www.yelp.com/biz/robust-coffee-lounge-chicago?osq=cafe,"data:image/gif;base64,R0lGODlhAQABAIAAAAAAAP///yH5BAEAAAAALAAAAAABAAEAAAIBRAA7",https://www.yelp.com/biz_photos/-Tp77Ce5OCpP1-KXUYtX9A,[object Object],Click on the arrow to explore business photos.,2.,Robust Coffee Lounge,https://s3-media2.fl.yelpcdn.com/assets/srv0/yelp_design_web/9b34e39ccbeb/assets/img/stars/stars.png,214 reviews,$,Breakfast & Brunch,https://www.yelp.com/search?cflt=breakfast_brunch&find_desc=cafe&find_loc=Chicago%2C+IL+60637,Phone number,(773) 891-4240,6300 S Woodlawn,Woodlawn,"“First and foremost, this place is huge! That alone made me a fan within seconds. It does a brisk business and yet there's always seating to be had.   The staff…”",read more,https://www.yelp.com/biz/robust-coffee-lounge-chicago?hrid=Xh5imZWjc6NPyom4p8VffQ&osq=cafe,",
                    ,",Coffee & Tea,https://www.yelp.com/search?cflt=coffee&find_desc=cafe&find_loc=Chicago%2C+IL+60637,American (Traditional),https://www.yelp.com/search?cflt=tradamerican&find_desc=cafe&find_loc=Chicago%2C+IL+60637
https://www.yelp.com/biz/harper-cafe-chicago?osq=cafe,https://s3-media3.fl.yelpcdn.com/bphoto/Q6A_JNfLxiMWw-i2Rj0q0A/ls.jpg,,,,,,3.,Harper Cafe,https://s3-media2.fl.yelpcdn.com/assets/srv0/yelp_design_web/9b34e39ccbeb/assets/img/stars/stars.png,5 reviews,$,Coffee & Tea,https://www.yelp.com/search?cflt=coffee&find_desc=cafe&find_loc=Chicago%2C+IL+60637,Phone number,(773) 702-8787,1116 E 59th St,Hyde Park,"“Great cafe with a good variety of items for a college cafe.   Located right outside of the Harper Memorial Library on the 3rd floor and provides drinks,…”",read more,https://www.yelp.com/biz/harper-cafe-chicago?hrid=16z8DW8uK9QwQD5DVR2FXQ&osq=cafe,,,,,
https://www.yelp.com/biz/build-coffee-chicago?osq=cafe,https://s3-media2.fl.yelpcdn.com/bphoto/2SEbgsGTlkVDTb9rhdLYkw/ls.jpg,https://www.yelp.com/biz/build-coffee-chicago?osq=cafe,"data:image/gif;base64,R0lGODlhAQABAIAAAAAAAP///yH5BAEAAAAALAAAAAABAAEAAAIBRAA7",https://www.yelp.com/biz_photos/8wwWri0pYshC8oRvYwPMCg,[object Object],Click on the arrow to explore business photos.,4.,Build Coffee,https://s3-media2.fl.yelpcdn.com/assets/srv0/yelp_design_web/9b34e39ccbeb/assets/img/stars/stars.png,19 reviews,$,Coffee & Tea,https://www.yelp.com/search?cflt=coffee&find_desc=cafe&find_loc=Chicago%2C+IL+60637,Phone number,(773) 627-5058,6100 S Blackstone Ave,Woodlawn,"“Probably the best coffee shop in Chicago, honestly. The product is superlative, and the service is excellent. I love the ""lit"" and think it's cool that a place…”",read more,https://www.yelp.com/biz/build-coffee-chicago?hrid=0fkpRa2fyWDiulYwNnO7gA&osq=cafe,",",Used Bookstore,https://www.yelp.com/search?cflt=usedbooks&find_desc=cafe&find_loc=Chicago%2C+IL+60637,,
https://www.yelp.com/biz/sanctuary-cafe-chicago?osq=cafe,https://s3-media1.fl.yelpcdn.com/bphoto/u-0A3iFGv6Y2ngFWW_I5_Q/ls.jpg,https://www.yelp.com/biz/sanctuary-cafe-chicago?osq=cafe,"data:image/gif;base64,R0lGODlhAQABAIAAAAAAAP///yH5BAEAAAAALAAAAAABAAEAAAIBRAA7",https://www.yelp.com/biz_photos/xbcKYFJ9rBWvTsuyXRtNZQ,[object Object],Click on the arrow to explore business photos.,5.,Sanctuary Cafe,https://s3-media2.fl.yelpcdn.com/assets/srv0/yelp_design_web/9b34e39ccbeb/assets/img/stars/stars.png,18 reviews,$,Coffee & Tea,https://www.yelp.com/search?cflt=coffee&find_desc=cafe&find_loc=Chicago%2C+IL+60637,Phone number,(773) 952-4956,5655 S University Ave,Hyde Park,"“Their spinach quiche is the final word on spinach quiche, and their earl grey tea is one of the best I've ever had. All of their teas are hand crafted, and…”",read more,https://www.yelp.com/biz/sanctuary-cafe-chicago?hrid=ggv22WkvIYUP_nxIDbEXoA&osq=cafe,",
                    ,",Bakeries,https://www.yelp.com/search?cflt=bakeries&find_desc=cafe&find_loc=Chicago%2C+IL+60637,Breakfast & Brunch,https://www.yelp.com/search?cflt=breakfast_brunch&find_desc=cafe&find_loc=Chicago%2C+IL+60637
https://www.yelp.com/biz/greenline-coffee-chicago?osq=cafe,https://s3-media3.fl.yelpcdn.com/bphoto/0lM_f5uVhUL0KCDi-01zJw/ls.jpg,https://www.yelp.com/biz/greenline-coffee-chicago?osq=cafe,"data:image/gif;base64,R0lGODlhAQABAIAAAAAAAP///yH5BAEAAAAALAAAAAABAAEAAAIBRAA7",https://www.yelp.com/biz_photos/_tqxpQs0tEYAQkH-q6zfCQ,[object Object],Click on the arrow to explore business photos.,6.,Greenline Coffee,https://s3-media2.fl.yelpcdn.com/assets/srv0/yelp_design_web/9b34e39ccbeb/assets/img/stars/stars.png,51 reviews,$,Coffee & Tea,https://www.yelp.com/search?cflt=coffee&find_desc=cafe&find_loc=Chicago%2C+IL+60637,Phone number,(773) 729-2282,501 E 61st St,Woodlawn,"“Excited to find this chill space! Great friendly service, lots of space and good food. Apparently they don't do waffles anymore so that's sad but had a…”",read more,https://www.yelp.com/biz/greenline-coffee-chicago?hrid=Mm88fmj-m4JxXek_WQHyoQ&osq=cafe,,,,,
https://www.yelp.com/biz/grounds-of-being-the-divinity-school-coffee-shop-chicago?osq=cafe,https://s3-media4.fl.yelpcdn.com/bphoto/6YrehlkwOU8fa8nPFPaRKw/ls.jpg,https://www.yelp.com/biz/grounds-of-being-the-divinity-school-coffee-shop-chicago?osq=cafe,"data:image/gif;base64,R0lGODlhAQABAIAAAAAAAP///yH5BAEAAAAALAAAAAABAAEAAAIBRAA7",https://www.yelp.com/biz_photos/PAqx8zgu1rOqG4Dq30JXfA,[object Object],Click on the arrow to explore business photos.,7.,Grounds of Being: The Divinity School Coffee Shop,https://s3-media2.fl.yelpcdn.com/assets/srv0/yelp_design_web/9b34e39ccbeb/assets/img/stars/stars.png,43 reviews,$,Coffee & Tea,https://www.yelp.com/search?cflt=coffee&find_desc=cafe&find_loc=Chicago%2C+IL+60637,Phone number,(773) 834-9052,1025 E 58th St,Hyde Park,"“One of my favorite spots on campus. Has a nice atmosphere, has plenty of space for you to work with the long tables and high tables on the edges of the space.…”",read more,https://www.yelp.com/biz/grounds-of-being-the-divinity-school-coffee-shop-chicago?hrid=7koCZE7Ac9cu7Jag_g12QA&osq=cafe,",",Bagels,https://www.yelp.com/search?cflt=bagels&find_desc=cafe&find_loc=Chicago%2C+IL+60637,,
https://www.yelp.com/biz/caf%C3%A9-logan-chicago?osq=cafe,https://s3-media3.fl.yelpcdn.com/bphoto/heRfOWefwbtVboY_gXFp_Q/ls.jpg,https://www.yelp.com/biz/caf%C3%A9-logan-chicago?osq=cafe,"data:image/gif;base64,R0lGODlhAQABAIAAAAAAAP///yH5BAEAAAAALAAAAAABAAEAAAIBRAA7",https://www.yelp.com/biz_photos/85cPsJBoEFjPIrHTxU8GFg,[object Object],Click on the arrow to explore business photos.,8.,Café Logan,https://s3-media2.fl.yelpcdn.com/assets/srv0/yelp_design_web/9b34e39ccbeb/assets/img/stars/stars.png,9 reviews,$$,Cafes,https://www.yelp.com/search?cflt=cafes&find_desc=cafe&find_loc=Chicago%2C+IL+60637,Phone number,(773) 702-2787,915 E 60th St,Woodlawn,"“This is probably one of the best cafes on campus, so thanks to UChicago for adding a much needed coffee and food venue! And, in case you need it, this place…”",read more,https://www.yelp.com/biz/caf%C3%A9-logan-chicago?hrid=lDeiGEGa-s45Z5GLfihNZA&osq=cafe,,,,,
https://www.yelp.com/biz/cafe-53-chicago?osq=cafe,https://s3-media4.fl.yelpcdn.com/bphoto/Y72TLbvjkscTlLqyCmm0oA/ls.jpg,https://www.yelp.com/biz/cafe-53-chicago?osq=cafe,"data:image/gif;base64,R0lGODlhAQABAIAAAAAAAP///yH5BAEAAAAALAAAAAABAAEAAAIBRAA7",https://www.yelp.com/biz_photos/_SSK3MyOgE-dYsE4XUUbIQ,[object Object],Click on the arrow to explore business photos.,9.,Cafe 53,https://s3-media2.fl.yelpcdn.com/assets/srv0/yelp_design_web/9b34e39ccbeb/assets/img/stars/stars.png,163 reviews,$,Coffee & Tea,https://www.yelp.com/search?cflt=coffee&find_desc=cafe&find_loc=Chicago%2C+IL+60637,Phone number,(773) 493-1000,1369 E 53rd St,Hyde Park,"“Spouse and I have been coming here a lot. All the eats and drinks are wonderful. Huge selection of teas. First rate coffee. Gelato in interesting flavors, all…”",read more,https://www.yelp.com/biz/cafe-53-chicago?hrid=4hQUJKxISti5ARnpB5wDJA&osq=cafe,",
                    ,",Sandwiches,https://www.yelp.com/search?cflt=sandwiches&find_desc=cafe&find_loc=Chicago%2C+IL+60637,Halal,https://www.yelp.com/search?cflt=halal&find_desc=cafe&find_loc=Chicago%2C+IL+60637
https://www.yelp.com/biz/dollop-coffee-chicago-5?osq=cafe,https://s3-media4.fl.yelpcdn.com/bphoto/esQZaTk1vewXp2vrhglmmg/ls.jpg,https://www.yelp.com/biz/dollop-coffee-chicago-5?osq=cafe,"data:image/gif;base64,R0lGODlhAQABAIAAAAAAAP///yH5BAEAAAAALAAAAAABAAEAAAIBRAA7",https://www.yelp.com/biz_photos/8hRB4oYAbMEqQWgIA-Tndg,[object Object],Click on the arrow to explore business photos.,10.,Dollop Coffee,https://s3-media2.fl.yelpcdn.com/assets/srv0/yelp_design_web/9b34e39ccbeb/assets/img/stars/stars.png,26 reviews,$$,Coffee & Tea,https://www.yelp.com/search?cflt=coffee&find_desc=cafe&find_loc=Chicago%2C+IL+60637,,,5500 S University Ave,Hyde Park,“The coffee here is SO good. I recommend the iced mocha with coconut milk.  The location is very spacious. It's perfect for meeting someone for coffee or…”,read more,https://www.yelp.com/biz/dollop-coffee-chicago-5?hrid=g8rR3vA3MBY_Tx9TNhJR3w&osq=cafe,,,,,
https://www.yelp.com/biz/pret-a-manger-chicago-17?osq=cafe,https://s3-media4.fl.yelpcdn.com/bphoto/rgvWv1k0v003VrA3Iy8rrQ/ls.jpg,https://www.yelp.com/biz/pret-a-manger-chicago-17?osq=cafe,"data:image/gif;base64,R0lGODlhAQABAIAAAAAAAP///yH5BAEAAAAALAAAAAABAAEAAAIBRAA7",https://www.yelp.com/biz_photos/Cfj2y3dPH2_GsvXcxCVfsw,[object Object],Click on the arrow to explore business photos.,11.,Pret A Manger,https://s3-media2.fl.yelpcdn.com/assets/srv0/yelp_design_web/9b34e39ccbeb/assets/img/stars/stars.png,2 reviews,,Coffee & Tea,https://www.yelp.com/search?cflt=coffee&find_desc=cafe&find_loc=Chicago%2C+IL+60637,Phone number,(773) 702-6745,5706 University,Hyde Park,“Pret replaced Einstein Bros. Bagels at C-Shop inside Reynold's Club.  I love Pret and was super excited when they opened this year. I would say I probably…”,read more,https://www.yelp.com/biz/pret-a-manger-chicago-17?hrid=0Mh_vsJt1x5KCXgB5X3Oug&osq=cafe,",
                    ,",Breakfast & Brunch,https://www.yelp.com/search?cflt=breakfast_brunch&find_desc=cafe&find_loc=Chicago%2C+IL+60637,Sandwiches,https://www.yelp.com/search?cflt=sandwiches&find_desc=cafe&find_loc=Chicago%2C+IL+60637
https://www.yelp.com/biz/peachs-at-currency-exchange-cafe-chicago?osq=cafe,https://s3-media4.fl.yelpcdn.com/bphoto/1t8fkSc8kiBsNhTKO3y06Q/ls.jpg,https://www.yelp.com/biz/peachs-at-currency-exchange-cafe-chicago?osq=cafe,"data:image/gif;base64,R0lGODlhAQABAIAAAAAAAP///yH5BAEAAAAALAAAAAABAAEAAAIBRAA7",https://www.yelp.com/biz_photos/O2IMt3Y3ZAXiYdluC1YkQw,[object Object],Click on the arrow to explore business photos.,12.,Peach’s at Currency Exchange Cafe,https://s3-media2.fl.yelpcdn.com/assets/srv0/yelp_design_web/9b34e39ccbeb/assets/img/stars/stars.png,127 reviews,$$,Cafes,https://www.yelp.com/search?cflt=cafes&find_desc=cafe&find_loc=Chicago%2C+IL+60637,Phone number,(773) 855-9163,305 E Garfield Blvd,Washington Park,“This restaurant has reopened as Peach's at Currency Exchange Cafe.  I stopped @peachs_exchange yesterday with my niece and..OMG  I was killing my nieces Shrimp…”,read more,https://www.yelp.com/biz/peachs-at-currency-exchange-cafe-chicago?hrid=-_oxsi66b8k6MwdlhL1yyQ&osq=cafe,",",Breakfast & Brunch,https://www.yelp.com/search?cflt=breakfast_brunch&find_desc=cafe&find_loc=Chicago%2C+IL+60637,,
https://www.yelp.com/biz/sip-and-savor-chicago?osq=cafe,https://s3-media2.fl.yelpcdn.com/bphoto/3W8cb4w3aQuFIElRSYS9Ig/ls.jpg,https://www.yelp.com/biz/sip-and-savor-chicago?osq=cafe,"data:image/gif;base64,R0lGODlhAQABAIAAAAAAAP///yH5BAEAAAAALAAAAAABAAEAAAIBRAA7",https://www.yelp.com/biz_photos/WKSBC4wJcQJJoEKri-L3Dw,[object Object],Click on the arrow to explore business photos.,13.,Sip & Savor,https://s3-media2.fl.yelpcdn.com/assets/srv0/yelp_design_web/9b34e39ccbeb/assets/img/stars/stars.png,112 reviews,$,Coffee & Tea,https://www.yelp.com/search?cflt=coffee&find_desc=cafe&find_loc=Chicago%2C+IL+60637,Phone number,(773) 952-4532,5301 S Hyde Park Blvd,Hyde Park,"“While visiting Chicago, I needed a place to work on my book, this was it! Awesome staff, great wifi, delicious food, AND it's steps from the lake! There is…”",read more,https://www.yelp.com/biz/sip-and-savor-chicago?hrid=lxVY7M6i5xUu5Xi8ycfYpg&osq=cafe,,,,,
https://www.yelp.com/biz/teamo-boba-bar-chicago-3?osq=cafe,https://s3-media2.fl.yelpcdn.com/bphoto/i9aIfYDjDdQnG2c0hQHzjQ/ls.jpg,https://www.yelp.com/biz/teamo-boba-bar-chicago-3?osq=cafe,"data:image/gif;base64,R0lGODlhAQABAIAAAAAAAP///yH5BAEAAAAALAAAAAABAAEAAAIBRAA7",https://www.yelp.com/biz_photos/TZyMOAThow2bJqXcvaJAAg,[object Object],Click on the arrow to explore business photos.,14.,Te’amo Boba Bar,https://s3-media2.fl.yelpcdn.com/assets/srv0/yelp_design_web/9b34e39ccbeb/assets/img/stars/stars.png,36 reviews,$$,Bubble Tea,https://www.yelp.com/search?cflt=bubbletea&find_desc=cafe&find_loc=Chicago%2C+IL+60637,Phone number,(773) 947-6547,1115 E 55th St,Hyde Park,"“As a regular, I highly recommend either the Thai milk tea (strong flavored) or the okinawa milk tea. I really like how everything is organic and natural. It is…”",read more,https://www.yelp.com/biz/teamo-boba-bar-chicago-3?hrid=d9h4l-34BYdq1-0i5CHUGw&osq=cafe,",
                    ,",Coffee & Tea,https://www.yelp.com/search?cflt=coffee&find_desc=cafe&find_loc=Chicago%2C+IL+60637,Juice Bars & Smoothies,https://www.yelp.com/search?cflt=juicebars&find_desc=cafe&find_loc=Chicago%2C+IL+60637
https://www.yelp.com/biz/ex-libris-chicago?osq=cafe,https://s3-media3.fl.yelpcdn.com/bphoto/U3eNddykT5065qBpm4ddKA/ls.jpg,https://www.yelp.com/biz/ex-libris-chicago?osq=cafe,"data:image/gif;base64,R0lGODlhAQABAIAAAAAAAP///yH5BAEAAAAALAAAAAABAAEAAAIBRAA7",https://www.yelp.com/biz_photos/5CQrpQaBg1J-CA-skw-HSA,[object Object],Click on the arrow to explore business photos.,15.,Ex Libris,https://s3-media2.fl.yelpcdn.com/assets/srv0/yelp_design_web/9b34e39ccbeb/assets/img/stars/stars.png,9 reviews,$,Coffee & Tea,https://www.yelp.com/search?cflt=coffee&find_desc=cafe&find_loc=Chicago%2C+IL+60637,,,1100 E 57th St,Hyde Park,"“Ex Libris is always a great place to hang out, drink coffee with friends, do homework, sleep, or chat. Basically a paradise for students when they have nothing…”",read more,https://www.yelp.com/biz/ex-libris-chicago?hrid=ll0xGsfDudl3SIUkkxEZPg&osq=cafe,,,,,
https://www.yelp.com/biz/truenorth-cafe-hyde-park-chicago-2?osq=cafe,https://s3-media4.fl.yelpcdn.com/bphoto/BjvrQj-aly3G6dlVwlkzQg/ls.jpg,https://www.yelp.com/biz/truenorth-cafe-hyde-park-chicago-2?osq=cafe,"data:image/gif;base64,R0lGODlhAQABAIAAAAAAAP///yH5BAEAAAAALAAAAAABAAEAAAIBRAA7",https://www.yelp.com/biz_photos/YvS7uApRo5vSnJgqN63jUg,[object Object],Click on the arrow to explore business photos.,16.,TrueNorth Cafe Hyde Park,https://s3-media2.fl.yelpcdn.com/assets/srv0/yelp_design_web/9b34e39ccbeb/assets/img/stars/stars.png,9 reviews,,Coffee & Tea,https://www.yelp.com/search?cflt=coffee&find_desc=cafe&find_loc=Chicago%2C+IL+60637,Phone number,(773) 538-7372,1323 E 57th St,Hyde Park,“I'm surprised by the negative reviews.  We had a great experience here. The person that took our order let us taste the cold brew coffee which was nice and…”,read more,https://www.yelp.com/biz/truenorth-cafe-hyde-park-chicago-2?hrid=cSw_h3jH_iUuOrkBhCTH6g&osq=cafe,",",Sandwiches,https://www.yelp.com/search?cflt=sandwiches&find_desc=cafe&find_loc=Chicago%2C+IL+60637,,
https://www.yelp.com/biz/chef-saras-cafe-chicago?osq=cafe,https://s3-media2.fl.yelpcdn.com/bphoto/li_Aptshj4zz1ybMKfRwNg/ls.jpg,https://www.yelp.com/biz/chef-saras-cafe-chicago?osq=cafe,"data:image/gif;base64,R0lGODlhAQABAIAAAAAAAP///yH5BAEAAAAALAAAAAABAAEAAAIBRAA7",https://www.yelp.com/biz_photos/In0TuBxQaHE-S1G9Re5nlg,[object Object],Click on the arrow to explore business photos.,17.,Chef Sara’s Cafe,https://s3-media2.fl.yelpcdn.com/assets/srv0/yelp_design_web/9b34e39ccbeb/assets/img/stars/stars.png,56 reviews,$,Coffee & Tea,https://www.yelp.com/search?cflt=coffee&find_desc=cafe&find_loc=Chicago%2C+IL+60637,Phone number,(773) 359-4637,7201 S Exchange Ave,South Shore,“Chef Sara's Cafe is really cute and cozy! I had a BLT and chili and it was so tasty. I tried my friends coffee and that was also superb! I highly recommend…”,read more,https://www.yelp.com/biz/chef-saras-cafe-chicago?hrid=Y-wPSAcE_FCt0pmrUcwZAA&osq=cafe,",
                    ,",Bagels,https://www.yelp.com/search?cflt=bagels&find_desc=cafe&find_loc=Chicago%2C+IL+60637,Internet Cafes,https://www.yelp.com/search?cflt=internetcafe&find_desc=cafe&find_loc=Chicago%2C+IL+60637
https://www.yelp.com/biz/kusanya-cafe-chicago?osq=cafe,https://s3-media1.fl.yelpcdn.com/bphoto/ItbqscdCLBlemaVhqcghMA/ls.jpg,https://www.yelp.com/biz/kusanya-cafe-chicago?osq=cafe,"data:image/gif;base64,R0lGODlhAQABAIAAAAAAAP///yH5BAEAAAAALAAAAAABAAEAAAIBRAA7",https://www.yelp.com/biz_photos/t_BZAP2OCpLdapTL9Yp5uA,[object Object],Click on the arrow to explore business photos.,18.,Kusanya Cafe,https://s3-media2.fl.yelpcdn.com/assets/srv0/yelp_design_web/9b34e39ccbeb/assets/img/stars/stars.png,75 reviews,$,Cafes,https://www.yelp.com/search?cflt=cafes&find_desc=cafe&find_loc=Chicago%2C+IL+60637,Phone number,(773) 675-4758,825 W 69th St,Englewood,“This place deserves all the hype it gets. i've been coming here almost daily since starting work down the street. I always order coffee black and the quality…”,read more,https://www.yelp.com/biz/kusanya-cafe-chicago?hrid=WWf8mY6qBsPc0soo3Zbg8Q&osq=cafe,,,,,
https://www.yelp.com/biz/bridgeport-coffee-chicago-2?osq=cafe,https://s3-media3.fl.yelpcdn.com/bphoto/GGYlG33CVg_MzelkFaL4yQ/ls.jpg,https://www.yelp.com/biz/bridgeport-coffee-chicago-2?osq=cafe,"data:image/gif;base64,R0lGODlhAQABAIAAAAAAAP///yH5BAEAAAAALAAAAAABAAEAAAIBRAA7",https://www.yelp.com/biz_photos/9TgZHXAB1K0iiI4X2vY6MQ,[object Object],Click on the arrow to explore business photos.,19.,Bridgeport Coffee,https://s3-media2.fl.yelpcdn.com/assets/srv0/yelp_design_web/9b34e39ccbeb/assets/img/stars/stars.png,63 reviews,$,Coffee & Tea,https://www.yelp.com/search?cflt=coffee&find_desc=cafe&find_loc=Chicago%2C+IL+60637,Phone number,(773) 947-0348,5030 S Cornell Ave,Kenwood,“Been coming here once a week for years. Always get a cappuccino and really like the black bean wrap. Good place to stock up on espresso beans. I think a well…”,read more,https://www.yelp.com/biz/bridgeport-coffee-chicago-2?hrid=TDv-uVLiGd188QORqIkAEQ&osq=cafe,,,,,
https://www.yelp.com/biz/heritage-cafe-chicago?osq=cafe,https://s3-media3.fl.yelpcdn.com/bphoto/si-ucecalrE7kuiaw9Kdcg/ls.jpg,https://www.yelp.com/biz/heritage-cafe-chicago?osq=cafe,"data:image/gif;base64,R0lGODlhAQABAIAAAAAAAP///yH5BAEAAAAALAAAAAABAAEAAAIBRAA7",https://www.yelp.com/biz_photos/hVkxSK5YalZLdroMm3FeKw,[object Object],Click on the arrow to explore business photos.,20.,Heritage Cafe,https://s3-media2.fl.yelpcdn.com/assets/srv0/yelp_design_web/9b34e39ccbeb/assets/img/stars/stars.png,3 reviews,,Cafes,https://www.yelp.com/search?cflt=cafes&find_desc=cafe&find_loc=Chicago%2C+IL+60637,Phone number,(773) 530-0045,1849 E 79th St,South Chicago,"“Just found out about this community gem a couple of days ago. I met Colette, one the owners, who is just divine. They have great coffee and yummy treats. So…”",read more,https://www.yelp.com/biz/heritage-cafe-chicago?hrid=pTAiTjyktIOOZqkXwZMQKg&osq=cafe,,,,,
https://www.yelp.com/biz/midway-market-chicago?osq=cafe,https://s3-media4.fl.yelpcdn.com/bphoto/Chtv2zFcWC9kSPaD99eW_w/ls.jpg,https://www.yelp.com/biz/midway-market-chicago?osq=cafe,"data:image/gif;base64,R0lGODlhAQABAIAAAAAAAP///yH5BAEAAAAALAAAAAABAAEAAAIBRAA7",https://www.yelp.com/biz_photos/TZgsOH3rYY6r9py3ZhdlEw,[object Object],Click on the arrow to explore business photos.,21.,Midway Market,https://s3-media2.fl.yelpcdn.com/assets/srv0/yelp_design_web/9b34e39ccbeb/assets/img/stars/stars.png,6 reviews,$$$$,Grocery,https://www.yelp.com/search?cflt=grocery&find_desc=cafe&find_loc=Chicago%2C+IL+60637,Phone number,(773) 702-3347,6031 S Ellis Ave,Woodlawn,"“The Midway Market opened in the brand new South Campus Residence Hall this past fall. The Midway Market is one part coffee shop, one part convenience store,…”",read more,https://www.yelp.com/biz/midway-market-chicago?hrid=9t5aRqvzKlOZtrbaGkUgVQ&osq=cafe,",
                    ,",Coffee & Tea,https://www.yelp.com/search?cflt=coffee&find_desc=cafe&find_loc=Chicago%2C+IL+60637,Convenience Stores,https://www.yelp.com/search?cflt=convenience&find_desc=cafe&find_loc=Chicago%2C+IL+60637
https://www.yelp.com/biz/sip-and-savor-chicago-3?osq=cafe,https://s3-media1.fl.yelpcdn.com/bphoto/q_CGtGci4lLSo-1Utapvuw/ls.jpg,https://www.yelp.com/biz/sip-and-savor-chicago-3?osq=cafe,"data:image/gif;base64,R0lGODlhAQABAIAAAAAAAP///yH5BAEAAAAALAAAAAABAAEAAAIBRAA7",https://www.yelp.com/biz_photos/MDZ9-KomiRar64bcSh8ouQ,[object Object],Click on the arrow to explore business photos.,22.,Sip & Savor,https://s3-media2.fl.yelpcdn.com/assets/srv0/yelp_design_web/9b34e39ccbeb/assets/img/stars/stars.png,39 reviews,$$,Coffee & Tea,https://www.yelp.com/search?cflt=coffee&find_desc=cafe&find_loc=Chicago%2C+IL+60637,Phone number,(773) 855-2125,528 E 43rd St,Grand Boulevard,“I first looked up Sip & Savor after the Philadelphia Starbucks incident earlier this year. I love coffee and thought if I can support black business and my…”,read more,https://www.yelp.com/biz/sip-and-savor-chicago-3?hrid=VAmEMB1WXZTZEKF4oXuiFg&osq=cafe,,,,,
https://www.yelp.com/biz/carver-47-cafe-chicago?osq=cafe,https://s3-media1.fl.yelpcdn.com/bphoto/W_VuwM0tOXTwfOKY36qR4Q/ls.jpg,https://www.yelp.com/biz/carver-47-cafe-chicago?osq=cafe,"data:image/gif;base64,R0lGODlhAQABAIAAAAAAAP///yH5BAEAAAAALAAAAAABAAEAAAIBRAA7",https://www.yelp.com/biz_photos/wII08W2x5l82vZs6EFGufA,[object Object],Click on the arrow to explore business photos.,23.,Carver 47 Cafe,https://s3-media2.fl.yelpcdn.com/assets/srv0/yelp_design_web/9b34e39ccbeb/assets/img/stars/stars.png,10 reviews,$$,Coffee & Tea,https://www.yelp.com/search?cflt=coffee&find_desc=cafe&find_loc=Chicago%2C+IL+60637,Phone number,(773) 285-1211,1060 E 47th St,Kenwood,"“On occasion I frequent a Senegalese restaurant in Kenwood. While leaving from lunch recently, I noticed a cafe just to the west of the restaurant. Curious as…”",read more,https://www.yelp.com/biz/carver-47-cafe-chicago?hrid=jYnSCZz8o-7S_rBn3gePRQ&osq=cafe,",",Juice Bars & Smoothies,https://www.yelp.com/search?cflt=juicebars&find_desc=cafe&find_loc=Chicago%2C+IL+60637,,
https://www.yelp.com/biz/aint-she-sweet-cafe-chicago?osq=cafe,https://s3-media3.fl.yelpcdn.com/bphoto/C3tDnp1I4xWX83cuTykgoQ/ls.jpg,https://www.yelp.com/biz/aint-she-sweet-cafe-chicago?osq=cafe,"data:image/gif;base64,R0lGODlhAQABAIAAAAAAAP///yH5BAEAAAAALAAAAAABAAEAAAIBRAA7",https://www.yelp.com/biz_photos/IRnNJNVlSyhQG0lBfzsZaA,[object Object],Click on the arrow to explore business photos.,24.,Ain’t She Sweet Cafe,https://s3-media2.fl.yelpcdn.com/assets/srv0/yelp_design_web/9b34e39ccbeb/assets/img/stars/stars.png,201 reviews,$,Coffee & Tea,https://www.yelp.com/search?cflt=coffee&find_desc=cafe&find_loc=Chicago%2C+IL+60637,Phone number,(773) 373-3530,526 E 43rd St,Grand Boulevard,"“This is my wife's review..so use a feminine voice while reading. ""I had the tomato bisque, which was delicious. Nice neighborhood restaurant.""”",read more,https://www.yelp.com/biz/aint-she-sweet-cafe-chicago?hrid=aAewWVTSApYSgF8VOVSYTQ&osq=cafe,",
                    ,",Ice Cream & Frozen Yogurt,https://www.yelp.com/search?cflt=icecream&find_desc=cafe&find_loc=Chicago%2C+IL+60637,Sandwiches,https://www.yelp.com/search?cflt=sandwiches&find_desc=cafe&find_loc=Chicago%2C+IL+60637
https://www.yelp.com/biz/the-university-of-chicago-bookstore-cafe-chicago?osq=cafe,https://s3-media3.fl.yelpcdn.com/bphoto/QAI___9fOU7KIGOJHIRiLQ/ls.jpg,,,,,,25.,The University of Chicago Bookstore Cafe,https://s3-media2.fl.yelpcdn.com/assets/srv0/yelp_design_web/9b34e39ccbeb/assets/img/stars/stars.png,13 reviews,$,Coffee & Tea,https://www.yelp.com/search?cflt=coffee&find_desc=cafe&find_loc=Chicago%2C+IL+60637,Phone number,(773) 702-7712,970 E 58th St,Hyde Park,"“Oh Starbucks ""Cafe"" in the U of C bookstore. You're not a REAL Starbucks, despite your bells, whistles, gamut of Starbucks drinks and sandwiches and pastries.…”",read more,https://www.yelp.com/biz/the-university-of-chicago-bookstore-cafe-chicago?hrid=92qtRPFLgu8h-zIH9QyF1A&osq=cafe,,,,,
https://www.yelp.com/biz/stonys-palace-cafe-chicago?osq=cafe,https://s3-media1.fl.yelpcdn.com/bphoto/gQkA1q0EiTmn_i_h8SM97w/ls.jpg,https://www.yelp.com/biz/stonys-palace-cafe-chicago?osq=cafe,"data:image/gif;base64,R0lGODlhAQABAIAAAAAAAP///yH5BAEAAAAALAAAAAABAAEAAAIBRAA7",https://www.yelp.com/biz_photos/u-Z2MkKTwlEceWZFOL6LjQ,[object Object],Click on the arrow to explore business photos.,26.,Stony’s Palace Cafe,https://s3-media2.fl.yelpcdn.com/assets/srv0/yelp_design_web/9b34e39ccbeb/assets/img/stars/stars.png,19 reviews,$$,Cafes,https://www.yelp.com/search?cflt=cafes&find_desc=cafe&find_loc=Chicago%2C+IL+60637,Phone number,(773) 978-4535,8114 S Stony Island Ave,Avalon Park,“I really like this place!  The staff is nice and food is great!  I love how they have WIFI and I can get about from my home office to work and or meet clients.…”,read more,https://www.yelp.com/biz/stonys-palace-cafe-chicago?hrid=kjMblZMyPZy_KZfDq2SwsQ&osq=cafe,",",Internet Cafes,https://www.yelp.com/search?cflt=internetcafe&find_desc=cafe&find_loc=Chicago%2C+IL+60637,,
https://www.yelp.com/biz/starbucks-chicago-316?osq=cafe,https://s3-media3.fl.yelpcdn.com/bphoto/I_-w4OKnKib2uG5706V11Q/ls.jpg,https://www.yelp.com/biz/starbucks-chicago-316?osq=cafe,"data:image/gif;base64,R0lGODlhAQABAIAAAAAAAP///yH5BAEAAAAALAAAAAABAAEAAAIBRAA7",https://www.yelp.com/biz_photos/alBorhOm9_Lbr1f5HypiWA,[object Object],Click on the arrow to explore business photos.,27.,Starbucks,https://s3-media2.fl.yelpcdn.com/assets/srv0/yelp_design_web/9b34e39ccbeb/assets/img/stars/stars.png,26 reviews,$,Coffee & Tea,https://www.yelp.com/search?cflt=coffee&find_desc=cafe&find_loc=Chicago%2C+IL+60637,Phone number,(773) 926-1363,5700 S Drexel Ave,Hyde Park,"“Went to grab a quick breakfast this morning. Ordered the sausage, egg and cheese breakfast sandwich and a grande roasted coconut cold brew.  From waiting in…”",read more,https://www.yelp.com/biz/starbucks-chicago-316?hrid=no_swmjK89NAaKOuXBrcUg&osq=cafe,,,,,
https://www.yelp.com/biz/starbucks-chicago-122?osq=cafe,https://s3-media1.fl.yelpcdn.com/bphoto/sOuAeKEzJmFq2qgfbcTScQ/ls.jpg,https://www.yelp.com/biz/starbucks-chicago-122?osq=cafe,"data:image/gif;base64,R0lGODlhAQABAIAAAAAAAP///yH5BAEAAAAALAAAAAABAAEAAAIBRAA7",https://www.yelp.com/biz_photos/1lHVis5d8vpd72vx0cjiOg,[object Object],Click on the arrow to explore business photos.,28.,Starbucks,https://s3-media2.fl.yelpcdn.com/assets/srv0/yelp_design_web/9b34e39ccbeb/assets/img/stars/stars.png,50 reviews,$,Coffee & Tea,https://www.yelp.com/search?cflt=coffee&find_desc=cafe&find_loc=Chicago%2C+IL+60637,Phone number,(773) 256-1930,1174 East 55th Streeet,Hyde Park,“The employees are delightful and always greet customers. Most baristas know the regulars and refer to them by name. It's a very personal and pleasant…”,read more,https://www.yelp.com/biz/starbucks-chicago-122?hrid=R1LXDBUNVwgxOAwSC8uE6g&osq=cafe,,,,,
https://www.yelp.com/biz/spoken-word-cafe-chicago?osq=cafe,https://s3-media2.fl.yelpcdn.com/bphoto/2vYyVIr4tVaPjUGDckxEfQ/ls.jpg,,,,,,29.,Spoken Word Cafe,https://s3-media2.fl.yelpcdn.com/assets/srv0/yelp_design_web/9b34e39ccbeb/assets/img/stars/stars.png,4 reviews,$,Coffee & Tea,https://www.yelp.com/search?cflt=coffee&find_desc=cafe&find_loc=Chicago%2C+IL+60637,Phone number,(773) 373-2233,4655 S King Dr,Grand Boulevard,“my girls and i ventured out one cold saturday evening...we ended up at the spoken word cafe.  now from reading others reviews it sounds like things have…”,read more,https://www.yelp.com/biz/spoken-word-cafe-chicago?hrid=8XQAF7bxL0rGLUEqNi2jWQ&osq=cafe,",",Party & Event Planning,https://www.yelp.com/search?cflt=eventplanning&find_desc=cafe&find_loc=Chicago%2C+IL+60637,,
https://www.yelp.com/biz/starbucks-chicago-185?osq=cafe,https://s3-media4.fl.yelpcdn.com/bphoto/pZyMhvLwBauGdii6_fJsWg/ls.jpg,https://www.yelp.com/biz/starbucks-chicago-185?osq=cafe,"data:image/gif;base64,R0lGODlhAQABAIAAAAAAAP///yH5BAEAAAAALAAAAAABAAEAAAIBRAA7",https://www.yelp.com/biz_photos/5WfExy7cO6CGArzwMcnAyw,[object Object],Click on the arrow to explore business photos.,30.,Starbucks,https://s3-media2.fl.yelpcdn.com/assets/srv0/yelp_design_web/9b34e39ccbeb/assets/img/stars/stars.png,49 reviews,$$,Coffee & Tea,https://www.yelp.com/search?cflt=coffee&find_desc=cafe&find_loc=Chicago%2C+IL+60637,Phone number,(773) 643-6520,7101 South Stony Island Ave.,South Shore,“This is the best Starbucks ever! The customer service is great no matter what time you visit. I've visited this location at 10:30 pm and the cashier was…”,read more,https://www.yelp.com/biz/starbucks-chicago-185?hrid=BOMYZoZTRzznF5fQYY8pgw&osq=cafe,,,,,
https://www.yelp.com/biz/cobb-coffee-shop-chicago?osq=cafe,https://s3-media1.fl.yelpcdn.com/bphoto/1sA7TO9FDwC4o3XVC8l4cw/ls.jpg,https://www.yelp.com/biz/cobb-coffee-shop-chicago?osq=cafe,"data:image/gif;base64,R0lGODlhAQABAIAAAAAAAP///yH5BAEAAAAALAAAAAABAAEAAAIBRAA7",https://www.yelp.com/biz_photos/2xb64T0iPhrVbqoTvYuUIQ,[object Object],Click on the arrow to explore business photos.,31.,Cobb Coffee Shop,https://s3-media2.fl.yelpcdn.com/assets/srv0/yelp_design_web/9b34e39ccbeb/assets/img/stars/stars.png,14 reviews,$,Coffee & Tea,https://www.yelp.com/search?cflt=coffee&find_desc=cafe&find_loc=Chicago%2C+IL+60637,,,5811 S Ellis,Hyde Park,“Upon entering the dreary entrance of Cobb Hall and taking the stairs you met with a cacophony of sounds. Walking into this UChicago staple you see the entire…”,read more,https://www.yelp.com/biz/cobb-coffee-shop-chicago?hrid=XaSedAaVdvtvuWh_WqBJag&osq=cafe,,,,,
https://www.yelp.com/biz/crack-in-the-cup-coffee-and-tea-chicago?osq=cafe,https://s3-media2.fl.yelpcdn.com/bphoto/tu8Ja1hto3CSvOxxK_k1yQ/ls.jpg,https://www.yelp.com/biz/crack-in-the-cup-coffee-and-tea-chicago?osq=cafe,"data:image/gif;base64,R0lGODlhAQABAIAAAAAAAP///yH5BAEAAAAALAAAAAABAAEAAAIBRAA7",https://www.yelp.com/biz_photos/zZAksGmvhgknFjQDTR8ong,[object Object],Click on the arrow to explore business photos.,32.,Crack in the Cup Coffee & Tea™,,,,Coffee & Tea,https://www.yelp.com/search?cflt=coffee&find_desc=cafe&find_loc=Chicago%2C+IL+60637,Phone number,(312) 509-2357,833 W 63rd St,Englewood,,,,,,,,
https://www.yelp.com/biz/einstein-bros-bagels-chicago-23?osq=cafe,https://s3-media1.fl.yelpcdn.com/bphoto/Cj_BJMkVio_V8kA0HCQaDA/ls.jpg,https://www.yelp.com/biz/einstein-bros-bagels-chicago-23?osq=cafe,"data:image/gif;base64,R0lGODlhAQABAIAAAAAAAP///yH5BAEAAAAALAAAAAABAAEAAAIBRAA7",https://www.yelp.com/biz_photos/SS5HzgdYVu3wcdiep5nujA,[object Object],Click on the arrow to explore business photos.,33.,Einstein Bros Bagels,https://s3-media2.fl.yelpcdn.com/assets/srv0/yelp_design_web/9b34e39ccbeb/assets/img/stars/stars.png,12 reviews,,Coffee & Tea,https://www.yelp.com/search?cflt=coffee&find_desc=cafe&find_loc=Chicago%2C+IL+60637,Phone number,(773) 947-0485,,Hyde Park,“I will echo everyone's complaints about the service here. They get something in my order wrong every.single.time. And I've been here ALOT. The only thing I'm…”,read more,https://www.yelp.com/biz/einstein-bros-bagels-chicago-23?hrid=dazmjAxhQ-n3beoLOyISeg&osq=cafe,",
                    ,",Bagels,https://www.yelp.com/search?cflt=bagels&find_desc=cafe&find_loc=Chicago%2C+IL+60637,Sandwiches,https://www.yelp.com/search?cflt=sandwiches&find_desc=cafe&find_loc=Chicago%2C+IL+60637
https://www.yelp.com/biz/starbucks-chicago-474?osq=cafe,https://s3-media2.fl.yelpcdn.com/bphoto/iH2r9LKI8HREXRjgodzIMg/ls.jpg,https://www.yelp.com/biz/starbucks-chicago-474?osq=cafe,"data:image/gif;base64,R0lGODlhAQABAIAAAAAAAP///yH5BAEAAAAALAAAAAABAAEAAAIBRAA7",https://www.yelp.com/biz_photos/HRbklw-tsyyEcmuaP9y_pg,[object Object],Click on the arrow to explore business photos.,34.,Starbucks,,,,Coffee & Tea,https://www.yelp.com/search?cflt=coffee&find_desc=cafe&find_loc=Chicago%2C+IL+60637,Phone number,(773) 702-5760,5757 S University Ave,Hyde Park,,,,,,,,
https://www.yelp.com/biz/classics-cafe-chicago?osq=cafe,https://s3-media1.fl.yelpcdn.com/assets/srv0/yelp_styleguide/4f30aa60678e/assets/img/default_avatars/business_large_square.png,,,,,,35.,Classics Cafe,https://s3-media2.fl.yelpcdn.com/assets/srv0/yelp_design_web/9b34e39ccbeb/assets/img/stars/stars.png,5 reviews,$,Coffee & Tea,https://www.yelp.com/search?cflt=coffee&find_desc=cafe&find_loc=Chicago%2C+IL+60637,,,1010 E 59th St,Hyde Park,“Classics Cafe is MY coffee shop on campus. Probably because it's the closest one to my office (it doesn't hurt) but also because it was the first one I…”,read more,https://www.yelp.com/biz/classics-cafe-chicago?hrid=AVUTQg6OajIXS7IpPLXDLQ&osq=cafe,,,,,
https://www.yelp.com/biz/starbucks-chicago-195?osq=cafe,https://s3-media4.fl.yelpcdn.com/bphoto/Whxh-1yufILEcT7s8NKL0w/ls.jpg,https://www.yelp.com/biz/starbucks-chicago-195?osq=cafe,"data:image/gif;base64,R0lGODlhAQABAIAAAAAAAP///yH5BAEAAAAALAAAAAABAAEAAAIBRAA7",https://www.yelp.com/biz_photos/urZt9uX3Y98oZgXfZRzaWw,[object Object],Click on the arrow to explore business photos.,36.,Starbucks,https://s3-media2.fl.yelpcdn.com/assets/srv0/yelp_design_web/9b34e39ccbeb/assets/img/stars/stars.png,43 reviews,$$,Coffee & Tea,https://www.yelp.com/search?cflt=coffee&find_desc=cafe&find_loc=Chicago%2C+IL+60637,Phone number,(773) 324-1241,1530 East 53rd Street,Hyde Park,"“My favorite location! Good music and atmosphere. The baristas are friendly, knowledgeable and fixtures in the community. My only wish is that it was bigger…”",read more,https://www.yelp.com/biz/starbucks-chicago-195?hrid=e_qxrDF2XY722hidXqQR5w&osq=cafe,,,,,
https://www.yelp.com/biz/bake-for-me-chicago-3?osq=cafe,https://s3-media4.fl.yelpcdn.com/bphoto/G9MtNjI7JKlqAA7aOc5iTw/ls.jpg,https://www.yelp.com/biz/bake-for-me-chicago-3?osq=cafe,"data:image/gif;base64,R0lGODlhAQABAIAAAAAAAP///yH5BAEAAAAALAAAAAABAAEAAAIBRAA7",https://www.yelp.com/biz_photos/HbiLddjRD8fTv555kovpKA,[object Object],Click on the arrow to explore business photos.,37.,Bake For Me,https://s3-media2.fl.yelpcdn.com/assets/srv0/yelp_design_web/9b34e39ccbeb/assets/img/stars/stars.png,50 reviews,$,Bakeries,https://www.yelp.com/search?cflt=bakeries&find_desc=cafe&find_loc=Chicago%2C+IL+60637,Phone number,(773) 624-9900,4305 S Halsted St,Canaryville,"“A real solid four stars for the food and an extra for being great at what a neighborhood place should be, does this sound corny, but neighborly? I was really…”",read more,https://www.yelp.com/biz/bake-for-me-chicago-3?hrid=vkW5gtkEYpqw2F6FGGcO9A&osq=cafe,",
                    ,",Cafes,https://www.yelp.com/search?cflt=cafes&find_desc=cafe&find_loc=Chicago%2C+IL+60637,Patisserie/Cake Shop,https://www.yelp.com/search?cflt=cakeshop&find_desc=cafe&find_loc=Chicago%2C+IL+60637
https://www.yelp.com/biz/cis-cafe-chicago?osq=cafe,https://s3-media1.fl.yelpcdn.com/assets/srv0/yelp_styleguide/4f30aa60678e/assets/img/default_avatars/business_large_square.png,,,,,,38.,Cis Cafe,,,,Cafes,https://www.yelp.com/search?cflt=cafes&find_desc=cafe&find_loc=Chicago%2C+IL+60637,Phone number,(773) 795-0733,929 E 57th St,Hyde Park,,,,,,,,
https://www.yelp.com/biz/uncle-joes-coffee-bar-and-lounge-chicago?osq=cafe,https://s3-media1.fl.yelpcdn.com/bphoto/eS4vRye7MaOcPUOCh2fDvg/ls.jpg,,,,,,39.,Uncle Joe’s Coffee Bar & Lounge,,,,Coffee & Tea,https://www.yelp.com/search?cflt=coffee&find_desc=cafe&find_loc=Chicago%2C+IL+60637,,,57TH St,Hyde Park,,,,,,,,
https://www.yelp.com/biz/bio-cafe-chicago?osq=cafe,https://s3-media1.fl.yelpcdn.com/assets/srv0/yelp_styleguide/4f30aa60678e/assets/img/default_avatars/business_large_square.png,,,,,,40.,Bio Cafe,,,,Cafes,https://www.yelp.com/search?cflt=cafes&find_desc=cafe&find_loc=Chicago%2C+IL+60637,,,924 E 57th St,Hyde Park,,,,,,,,
https://www.yelp.com/biz/starbucks-chicago-468?osq=cafe,https://s3-media3.fl.yelpcdn.com/bphoto/HNOD2WGTEraX8sS-uuXEgA/ls.jpg,https://www.yelp.com/biz/starbucks-chicago-468?osq=cafe,"data:image/gif;base64,R0lGODlhAQABAIAAAAAAAP///yH5BAEAAAAALAAAAAABAAEAAAIBRAA7",https://www.yelp.com/biz_photos/w150XdGh5VYqppxDcKSgbg,[object Object],Click on the arrow to explore business photos.,41.,Starbucks,,,,Coffee & Tea,https://www.yelp.com/search?cflt=coffee&find_desc=cafe&find_loc=Chicago%2C+IL+60637,Phone number,(312) 358-4139,1346 E 53Rd St,Hyde Park,,,,,,,,
https://www.yelp.com/biz/jazzmans-cafe-and-bakery-chicago-4?osq=cafe,https://s3-media1.fl.yelpcdn.com/assets/srv0/yelp_styleguide/4f30aa60678e/assets/img/default_avatars/business_large_square.png,,,,,,42.,Jazzman’s Cafe & Bakery,,,,Cafes,https://www.yelp.com/search?cflt=cafes&find_desc=cafe&find_loc=Chicago%2C+IL+60637,,,57th St & Lake Shore Dr,Hyde Park,,,,,,,,
https://www.yelp.com/biz/dunkin-donuts-chicago-321?osq=cafe,https://s3-media3.fl.yelpcdn.com/bphoto/KDDqFrypXsgem0k3o3Vqtw/ls.jpg,https://www.yelp.com/biz/dunkin-donuts-chicago-321?osq=cafe,"data:image/gif;base64,R0lGODlhAQABAIAAAAAAAP///yH5BAEAAAAALAAAAAABAAEAAAIBRAA7",https://www.yelp.com/biz_photos/OvAI-nGhpuzU0M-vK56S0g,[object Object],Click on the arrow to explore business photos.,43.,Dunkin Donuts,https://s3-media2.fl.yelpcdn.com/assets/srv0/yelp_design_web/9b34e39ccbeb/assets/img/stars/stars.png,4 reviews,,Donuts,https://www.yelp.com/search?cflt=donuts&find_desc=cafe&find_loc=Chicago%2C+IL+60637,Phone number,(773) 723-1938,7450 S King Dr,Greater Grand Crossing,"“I'm an employee over here at 75th & King Drive Dunkin Donuts. It's a great environment, very nice neighborhood, I love working here.”",read more,https://www.yelp.com/biz/dunkin-donuts-chicago-321?hrid=w6hc1Tfb60hguQS7qqac-g&osq=cafe,",",Coffee & Tea,https://www.yelp.com/search?cflt=coffee&find_desc=cafe&find_loc=Chicago%2C+IL+60637,,
https://www.yelp.com/biz/mcdonalds-chicago-70?osq=cafe,https://s3-media2.fl.yelpcdn.com/bphoto/41l-z5biI47c33quGz5lzw/ls.jpg,https://www.yelp.com/biz/mcdonalds-chicago-70?osq=cafe,"data:image/gif;base64,R0lGODlhAQABAIAAAAAAAP///yH5BAEAAAAALAAAAAABAAEAAAIBRAA7",https://www.yelp.com/biz_photos/xJPhx0iI_ix760SUHf4DCw,[object Object],Click on the arrow to explore business photos.,44.,McDonald’s,https://s3-media2.fl.yelpcdn.com/assets/srv0/yelp_design_web/9b34e39ccbeb/assets/img/stars/stars.png,18 reviews,$,Burgers,https://www.yelp.com/search?cflt=burgers&find_desc=cafe&find_loc=Chicago%2C+IL+60637,Phone number,(773) 924-0821,70 E Garfield,Washington Park,“I have tried to give the benefit of the doubt many times. They short you in chicken mcnuggetts routinely and sometimes they are old. I have to count them now…”,read more,https://www.yelp.com/biz/mcdonalds-chicago-70?hrid=_rM4F7ZH0bmsTThFmlmBsA&osq=cafe,",
                    ,",Fast Food,https://www.yelp.com/search?cflt=hotdogs&find_desc=cafe&find_loc=Chicago%2C+IL+60637,Coffee & Tea,https://www.yelp.com/search?cflt=coffee&find_desc=cafe&find_loc=Chicago%2C+IL+60637
https://www.yelp.com/biz/mcdonalds-chicago-95?osq=cafe,https://s3-media2.fl.yelpcdn.com/bphoto/8LTrAE78MZOQfJbBCXor9w/ls.jpg,https://www.yelp.com/biz/mcdonalds-chicago-95?osq=cafe,"data:image/gif;base64,R0lGODlhAQABAIAAAAAAAP///yH5BAEAAAAALAAAAAABAAEAAAIBRAA7",https://www.yelp.com/biz_photos/ufHzgwfKqSH3qVsvpDiQiw,[object Object],Click on the arrow to explore business photos.,45.,McDonald’s,https://s3-media2.fl.yelpcdn.com/assets/srv0/yelp_design_web/9b34e39ccbeb/assets/img/stars/stars.png,15 reviews,$,Burgers,https://www.yelp.com/search?cflt=burgers&find_desc=cafe&find_loc=Chicago%2C+IL+60637,Phone number,(773) 994-0690,6900 S Lafayette,Greater Grand Crossing,“So ill break this all the way down I only gave 5 stars because the cashier was really really good her name was katlynn or caitlyn however you may spell it she…”,read more,https://www.yelp.com/biz/mcdonalds-chicago-95?hrid=TVduCQlr5WosVJlMMMOOiw&osq=cafe,",
                    ,",Fast Food,https://www.yelp.com/search?cflt=hotdogs&find_desc=cafe&find_loc=Chicago%2C+IL+60637,Coffee & Tea,https://www.yelp.com/search?cflt=coffee&find_desc=cafe&find_loc=Chicago%2C+IL+60637
https://www.yelp.com/biz/oasis-cafe-chicago-2?osq=cafe,https://s3-media1.fl.yelpcdn.com/assets/srv0/yelp_styleguide/4f30aa60678e/assets/img/default_avatars/business_large_square.png,,,,,,46.,Oasis Cafe,,,,Cafes,https://www.yelp.com/search?cflt=cafes&find_desc=cafe&find_loc=Chicago%2C+IL+60637,Phone number,(773) 487-4040,7313 S Cottage Grove Ave,Greater Grand Crossing,,,,,,,,
https://www.yelp.com/biz/dunkin-donuts-baskin-robbins-chicago-31?osq=cafe,https://s3-media3.fl.yelpcdn.com/bphoto/oy3NejJBiDUa09-pqVGTcQ/ls.jpg,https://www.yelp.com/biz/dunkin-donuts-baskin-robbins-chicago-31?osq=cafe,"data:image/gif;base64,R0lGODlhAQABAIAAAAAAAP///yH5BAEAAAAALAAAAAABAAEAAAIBRAA7",https://www.yelp.com/biz_photos/d-KJ3lLU1G16A9vnE--7yQ,[object Object],Click on the arrow to explore business photos.,47.,Dunkin’ Donuts / Baskin-Robbins,https://s3-media2.fl.yelpcdn.com/assets/srv0/yelp_design_web/9b34e39ccbeb/assets/img/stars/stars.png,46 reviews,$,Donuts,https://www.yelp.com/search?cflt=donuts&find_desc=cafe&find_loc=Chicago%2C+IL+60637,Phone number,(773) 288-5719,1418 E 53rd St,Hyde Park,"“Open 24 hours, so always an option for late night snack, the only place around the area to get ice cream after midnight.   There is just only ever 2 people…”",read more,https://www.yelp.com/biz/dunkin-donuts-baskin-robbins-chicago-31?hrid=ITlj6V8rYMv8Zm8iwH0BeQ&osq=cafe,",
                    ,",Ice Cream & Frozen Yogurt,https://www.yelp.com/search?cflt=icecream&find_desc=cafe&find_loc=Chicago%2C+IL+60637,Coffee & Tea,https://www.yelp.com/search?cflt=coffee&find_desc=cafe&find_loc=Chicago%2C+IL+60637
https://www.yelp.com/biz/evelyns-food-love-chicago?osq=cafe,https://s3-media4.fl.yelpcdn.com/bphoto/f0Dz79jZGkPNeIkXwD2luQ/ls.jpg,https://www.yelp.com/biz/evelyns-food-love-chicago?osq=cafe,"data:image/gif;base64,R0lGODlhAQABAIAAAAAAAP///yH5BAEAAAAALAAAAAABAAEAAAIBRAA7",https://www.yelp.com/biz_photos/Bu7Nsn7-sjjMDzZCMY1HQQ,[object Object],Click on the arrow to explore business photos.,48.,Evelyns Food Love,https://s3-media2.fl.yelpcdn.com/assets/srv0/yelp_design_web/9b34e39ccbeb/assets/img/stars/stars.png,28 reviews,$$,Salad,https://www.yelp.com/search?cflt=salad&find_desc=cafe&find_loc=Chicago%2C+IL+60637,Phone number,(872) 818-5557,5522 S State St,Washington Park,“Food is absolutely tasty!! Some of staff can use a little bit more of a welcoming spirit but Evelyn is always nice!!”,read more,https://www.yelp.com/biz/evelyns-food-love-chicago?hrid=6Rr6OIS5vCRGJ8zfUTSjiw&osq=cafe,",
                    ,",Cafes,https://www.yelp.com/search?cflt=cafes&find_desc=cafe&find_loc=Chicago%2C+IL+60637,Soup,https://www.yelp.com/search?cflt=soup&find_desc=cafe&find_loc=Chicago%2C+IL+60637
https://www.yelp.com/biz/dunkin-donuts-chicago-317?osq=cafe,https://s3-media1.fl.yelpcdn.com/assets/srv0/yelp_styleguide/4f30aa60678e/assets/img/default_avatars/business_large_square.png,,,,,,49.,Dunkin’ Donuts,https://s3-media2.fl.yelpcdn.com/assets/srv0/yelp_design_web/9b34e39ccbeb/assets/img/stars/stars.png,1 review,,Coffee & Tea,https://www.yelp.com/search?cflt=coffee&find_desc=cafe&find_loc=Chicago%2C+IL+60637,Phone number,(773) 558-6695,5454 S State St,Washington Park,"“I like this Dunkin Donuts, surprised they didn't move into this location sooner.  On the breakfast side of the street on Garfield Boulevard a couple blocks…”",read more,https://www.yelp.com/biz/dunkin-donuts-chicago-317?hrid=PIAYQaSnBTMUqp-FrX_4rg&osq=cafe,",",Donuts,https://www.yelp.com/search?cflt=donuts&find_desc=cafe&find_loc=Chicago%2C+IL+60637,,
https://www.yelp.com/biz/mcdonalds-chicago-140?osq=cafe,https://s3-media3.fl.yelpcdn.com/bphoto/qdY4J_n75KtHyXRG-6sUEQ/ls.jpg,https://www.yelp.com/biz/mcdonalds-chicago-140?osq=cafe,"data:image/gif;base64,R0lGODlhAQABAIAAAAAAAP///yH5BAEAAAAALAAAAAABAAEAAAIBRAA7",https://www.yelp.com/biz_photos/xkBBjbCvQ4vLk4JCbA74VA,[object Object],Click on the arrow to explore business photos.,50.,McDonald’s,https://s3-media2.fl.yelpcdn.com/assets/srv0/yelp_design_web/9b34e39ccbeb/assets/img/stars/stars.png,6 reviews,$,Fast Food,https://www.yelp.com/search?cflt=hotdogs&find_desc=cafe&find_loc=Chicago%2C+IL+60637,Phone number,(773) 723-4700,7601 S Vincennes Ave,Greater Grand Crossing,"“I actually like this McDonald's. I have never had a long wait, order was always correct. I think it's a pretty standard McDonald's.”",read more,https://www.yelp.com/biz/mcdonalds-chicago-140?hrid=1U1_9y1cosMkGdYt9lb_Hw&osq=cafe,",
                    ,",Burgers,https://www.yelp.com/search?cflt=burgers&find_desc=cafe&find_loc=Chicago%2C+IL+60637,Coffee & Tea,https://www.yelp.com/search?cflt=coffee&find_desc=cafe&find_loc=Chicago%2C+IL+60637
https://www.yelp.com/biz/starbucks-chicago-416?osq=cafe,https://s3-media2.fl.yelpcdn.com/bphoto/3zSdWksgj7yUuBa-XTPDsg/ls.jpg,https://www.yelp.com/biz/starbucks-chicago-416?osq=cafe,"data:image/gif;base64,R0lGODlhAQABAIAAAAAAAP///yH5BAEAAAAALAAAAAABAAEAAAIBRAA7",https://www.yelp.com/biz_photos/Ze7imemAUEQ_FtOZqIg6FA,[object Object],Click on the arrow to explore business photos.,51.,Starbucks,https://s3-media2.fl.yelpcdn.com/assets/srv0/yelp_design_web/9b34e39ccbeb/assets/img/stars/stars.png,24 reviews,$$,Coffee & Tea,https://www.yelp.com/search?cflt=coffee&find_desc=cafe&find_loc=Chicago%2C+IL+60637,Phone number,(312) 802-2669,806 W 63rd Street,Englewood,"“I've been to MANY Starbucks locations, but this one has the FASTEST & NICEST customer service at 8am. Thank you ladies!!!”",read more,https://www.yelp.com/biz/starbucks-chicago-416?hrid=Rr222q8IKr_wlaxF6qTIGw&osq=cafe,,,,,
https://www.yelp.com/biz/mcdonalds-chicago-61?osq=cafe,https://s3-media1.fl.yelpcdn.com/bphoto/olaa_CvntpH0TiGjUNqPqg/ls.jpg,https://www.yelp.com/biz/mcdonalds-chicago-61?osq=cafe,"data:image/gif;base64,R0lGODlhAQABAIAAAAAAAP///yH5BAEAAAAALAAAAAABAAEAAAIBRAA7",https://www.yelp.com/biz_photos/P53ZhDwUt_FVsqlIumGdKg,[object Object],Click on the arrow to explore business photos.,52.,McDonald’s,https://s3-media2.fl.yelpcdn.com/assets/srv0/yelp_design_web/9b34e39ccbeb/assets/img/stars/stars.png,9 reviews,,Burgers,https://www.yelp.com/search?cflt=burgers&find_desc=cafe&find_loc=Chicago%2C+IL+60637,Phone number,(773) 651-3365,7900 S Martin Luther King Dr,Chatham,"“nothing special i just love Mcdonalds, but usually very fast service....polar oppisite from 69th off the dyan ryan, i do not know how they are still in…”",read more,https://www.yelp.com/biz/mcdonalds-chicago-61?hrid=qp2KQfrKnavgUz8mjKs3ig&osq=cafe,",
                    ,",Fast Food,https://www.yelp.com/search?cflt=hotdogs&find_desc=cafe&find_loc=Chicago%2C+IL+60637,Coffee & Tea,https://www.yelp.com/search?cflt=coffee&find_desc=cafe&find_loc=Chicago%2C+IL+60637
https://www.yelp.com/biz/mcdonalds-chicago-97?osq=cafe,https://s3-media4.fl.yelpcdn.com/bphoto/un2Ek3pNSkTazGEkGRR06A/ls.jpg,https://www.yelp.com/biz/mcdonalds-chicago-97?osq=cafe,"data:image/gif;base64,R0lGODlhAQABAIAAAAAAAP///yH5BAEAAAAALAAAAAABAAEAAAIBRAA7",https://www.yelp.com/biz_photos/WE6msctLR1hQqfqclioI-A,[object Object],Click on the arrow to explore business photos.,53.,McDonald’s,https://s3-media2.fl.yelpcdn.com/assets/srv0/yelp_design_web/9b34e39ccbeb/assets/img/stars/stars.png,28 reviews,$,Burgers,https://www.yelp.com/search?cflt=burgers&find_desc=cafe&find_loc=Chicago%2C+IL+60637,Phone number,(773) 493-5800,6560 S Stoney Island Ave,South Shore,“I was on my way to walgreens when i came in on Monday and I was very pleased with my visit.  Upon arrival the lot was clean then we walked into the dining room…”,read more,https://www.yelp.com/biz/mcdonalds-chicago-97?hrid=gijV1NaLB_uftfPedcQiNA&osq=cafe,",
                    ,",Fast Food,https://www.yelp.com/search?cflt=hotdogs&find_desc=cafe&find_loc=Chicago%2C+IL+60637,Coffee & Tea,https://www.yelp.com/search?cflt=coffee&find_desc=cafe&find_loc=Chicago%2C+IL+60637
https://www.yelp.com/biz/dunkin-donuts-chicago-90?osq=cafe,https://s3-media1.fl.yelpcdn.com/bphoto/DYcfgmUMgS3MyPAz30wWUA/ls.jpg,https://www.yelp.com/biz/dunkin-donuts-chicago-90?osq=cafe,"data:image/gif;base64,R0lGODlhAQABAIAAAAAAAP///yH5BAEAAAAALAAAAAABAAEAAAIBRAA7",https://www.yelp.com/biz_photos/Pcq40RcMqwlFhwY06LYx0w,[object Object],Click on the arrow to explore business photos.,54.,Dunkin’ Donuts,https://s3-media2.fl.yelpcdn.com/assets/srv0/yelp_design_web/9b34e39ccbeb/assets/img/stars/stars.png,2 reviews,,Donuts,https://www.yelp.com/search?cflt=donuts&find_desc=cafe&find_loc=Chicago%2C+IL+60637,Phone number,(773) 488-8833,150 W 63rd St,Greater Grand Crossing,"“Serve is slow in afternoon, but fast in the morning. It right at the 63rd street redline”",read more,https://www.yelp.com/biz/dunkin-donuts-chicago-90?hrid=lE-kEgSC62XB00CLoJi_cA&osq=cafe,",",Coffee & Tea,https://www.yelp.com/search?cflt=coffee&find_desc=cafe&find_loc=Chicago%2C+IL+60637,,
https://www.yelp.com/biz/dunkin-donuts-chicago-183?osq=cafe,https://s3-media1.fl.yelpcdn.com/bphoto/rSbgy81g4EgzQ8ixmJuBaw/ls.jpg,,,,,,55.,Dunkin’ Donuts,https://s3-media2.fl.yelpcdn.com/assets/srv0/yelp_design_web/9b34e39ccbeb/assets/img/stars/stars.png,5 reviews,$,Donuts,https://www.yelp.com/search?cflt=donuts&find_desc=cafe&find_loc=Chicago%2C+IL+60637,Phone number,(773) 994-4824,207 W 79th St,Chatham,"“The app is beginning to get on my nerves!  It's impossible to reload an existing card unless you have the PIN, so I'm forced to purchase another card just to…”",read more,https://www.yelp.com/biz/dunkin-donuts-chicago-183?hrid=pZl7iIkDP9d3KHlNbZDnRQ&osq=cafe,",",Coffee & Tea,https://www.yelp.com/search?cflt=coffee&find_desc=cafe&find_loc=Chicago%2C+IL+60637,,
https://www.yelp.com/biz/mcdonalds-chicago-heights?osq=cafe,https://s3-media1.fl.yelpcdn.com/bphoto/L04ZaLRoap9uidZu_zI0Mw/ls.jpg,https://www.yelp.com/biz/mcdonalds-chicago-heights?osq=cafe,"data:image/gif;base64,R0lGODlhAQABAIAAAAAAAP///yH5BAEAAAAALAAAAAABAAEAAAIBRAA7",https://www.yelp.com/biz_photos/3veFf3vx7qCZ3MedWHD5BQ,[object Object],Click on the arrow to explore business photos.,56.,McDonald’s,https://s3-media2.fl.yelpcdn.com/assets/srv0/yelp_design_web/9b34e39ccbeb/assets/img/stars/stars.png,7 reviews,$,Fast Food,https://www.yelp.com/search?cflt=hotdogs&find_desc=cafe&find_loc=Chicago%2C+IL+60637,Phone number,(773) 924-6070,100 W Sauk Trl,Grand Boulevard,"“Who writes a review about McDonald's? THIS GUY.   I'm pretty much always on the road (locally) for business, sometimes for days at a time without going home,…”",read more,https://www.yelp.com/biz/mcdonalds-chicago-heights?hrid=_-r2v2vt5a-jEzeUjVRnOg&osq=cafe,",
                    ,",Burgers,https://www.yelp.com/search?cflt=burgers&find_desc=cafe&find_loc=Chicago%2C+IL+60637,Coffee & Tea,https://www.yelp.com/search?cflt=coffee&find_desc=cafe&find_loc=Chicago%2C+IL+60637
https://www.yelp.com/biz/mcdonalds-chicago-49?osq=cafe,https://s3-media2.fl.yelpcdn.com/bphoto/5iFsBinGJfOlsayiVUhhZQ/ls.jpg,https://www.yelp.com/biz/mcdonalds-chicago-49?osq=cafe,"data:image/gif;base64,R0lGODlhAQABAIAAAAAAAP///yH5BAEAAAAALAAAAAABAAEAAAIBRAA7",https://www.yelp.com/biz_photos/N2iVRR9vCUYikIWFVccxRw,[object Object],Click on the arrow to explore business photos.,57.,McDonald’s,https://s3-media2.fl.yelpcdn.com/assets/srv0/yelp_design_web/9b34e39ccbeb/assets/img/stars/stars.png,62 reviews,$,Burgers,https://www.yelp.com/search?cflt=burgers&find_desc=cafe&find_loc=Chicago%2C+IL+60637,Phone number,(773) 288-2161,5200 S Lake Park,Hyde Park,“Will that complete your order Will that complete your order Will that complete your order Will that complete your order  *Car full of people*  Yeah i'd like to…”,read more,https://www.yelp.com/biz/mcdonalds-chicago-49?hrid=LcU45t2EOve8L6OmOKONTg&osq=cafe,",
                    ,",Fast Food,https://www.yelp.com/search?cflt=hotdogs&find_desc=cafe&find_loc=Chicago%2C+IL+60637,Coffee & Tea,https://www.yelp.com/search?cflt=coffee&find_desc=cafe&find_loc=Chicago%2C+IL+60637
https://www.yelp.com/biz/spoons-coffee-boutique-chicago?osq=cafe,https://s3-media1.fl.yelpcdn.com/assets/srv0/yelp_styleguide/4f30aa60678e/assets/img/default_avatars/business_large_square.png,,,,,,58.,Spoon’s Coffee Boutique,,,,Coffee & Tea,https://www.yelp.com/search?cflt=coffee&find_desc=cafe&find_loc=Chicago%2C+IL+60637,Phone number,(773) 874-3847,712 E 75th St,Greater Grand Crossing,,,,,,,,
https://www.yelp.com/biz/dunkin-donuts-chicago-290?osq=cafe,https://s3-media1.fl.yelpcdn.com/assets/srv0/yelp_styleguide/4f30aa60678e/assets/img/default_avatars/business_large_square.png,,,,,,59.,Dunkin’ Donuts,https://s3-media2.fl.yelpcdn.com/assets/srv0/yelp_design_web/9b34e39ccbeb/assets/img/stars/stars.png,4 reviews,,Donuts,https://www.yelp.com/search?cflt=donuts&find_desc=cafe&find_loc=Chicago%2C+IL+60637,Phone number,(773) 955-1985,6701 S Jeffery Blvd,South Shore,"“The one thing that I can not stand is terrible Customer Service, this morning was the worse I have ever received at this Dunkin Donuts. We all have a bad day,…”",read more,https://www.yelp.com/biz/dunkin-donuts-chicago-290?hrid=Wh9FARtD9zrBxFGhXvmzag&osq=cafe,",",Coffee & Tea,https://www.yelp.com/search?cflt=coffee&find_desc=cafe&find_loc=Chicago%2C+IL+60637,,
https://www.yelp.com/biz/dunkin-donuts-chicago-291?osq=cafe,https://s3-media1.fl.yelpcdn.com/bphoto/VChVNX3CBXk14BTpY6bFpg/ls.jpg,,,,,,60.,Dunkin’ Donuts,https://s3-media2.fl.yelpcdn.com/assets/srv0/yelp_design_web/9b34e39ccbeb/assets/img/stars/stars.png,10 reviews,$,Donuts,https://www.yelp.com/search?cflt=donuts&find_desc=cafe&find_loc=Chicago%2C+IL+60637,Phone number,(773) 423-7039,825 W 47th Pl,New City,“Stopped in today hadn't been here in a while. The young lady who took my order was very friendly and my coffee was made perfect (i like a lot of sugar in which…”,read more,https://www.yelp.com/biz/dunkin-donuts-chicago-291?hrid=Nja8k8i9CWd5QLLgsdyJ7w&osq=cafe,",",Coffee & Tea,https://www.yelp.com/search?cflt=coffee&find_desc=cafe&find_loc=Chicago%2C+IL+60637,,
https://www.yelp.com/biz/dunkin-donuts-chicago-179?osq=cafe,https://s3-media1.fl.yelpcdn.com/bphoto/aFOS56wg7Xx2OQy5bM87qQ/ls.jpg,https://www.yelp.com/biz/dunkin-donuts-chicago-179?osq=cafe,"data:image/gif;base64,R0lGODlhAQABAIAAAAAAAP///yH5BAEAAAAALAAAAAABAAEAAAIBRAA7",https://www.yelp.com/biz_photos/yIqY4FQKbOZzz2gCnIQ4iw,[object Object],Click on the arrow to explore business photos.,61.,Dunkin’ Donuts,https://s3-media2.fl.yelpcdn.com/assets/srv0/yelp_design_web/9b34e39ccbeb/assets/img/stars/stars.png,10 reviews,$,Donuts,https://www.yelp.com/search?cflt=donuts&find_desc=cafe&find_loc=Chicago%2C+IL+60637,Phone number,(773) 783-8180,6237 S Halsted St,Englewood,"“Nothing special about this Dunkin' Donuts location; it's very basic! Basic, as in the store fits the quality of the socioeconomic status that lives in the…”",read more,https://www.yelp.com/biz/dunkin-donuts-chicago-179?hrid=9WZefeukkjId2CdST_txlQ&osq=cafe,",",Coffee & Tea,https://www.yelp.com/search?cflt=coffee&find_desc=cafe&find_loc=Chicago%2C+IL+60637,,
https://www.yelp.com/biz/dunkin-donuts-chicago-219?osq=cafe,https://s3-media1.fl.yelpcdn.com/assets/srv0/yelp_styleguide/4f30aa60678e/assets/img/default_avatars/business_large_square.png,,,,,,62.,Dunkin’ Donuts,https://s3-media2.fl.yelpcdn.com/assets/srv0/yelp_design_web/9b34e39ccbeb/assets/img/stars/stars.png,2 reviews,,Donuts,https://www.yelp.com/search?cflt=donuts&find_desc=cafe&find_loc=Chicago%2C+IL+60637,Phone number,(773) 723-1938,7850 S Martin Luther King Dr,Chatham,“Nice clean and fast service. The donuts are always fresh. And the staff is very friendly. I have never had a bad experience here with the staff or their…”,read more,https://www.yelp.com/biz/dunkin-donuts-chicago-219?hrid=d8P-O71kErfAccAKekkOVQ&osq=cafe,",",Coffee & Tea,https://www.yelp.com/search?cflt=coffee&find_desc=cafe&find_loc=Chicago%2C+IL+60637,,
https://www.yelp.com/biz/mcdonalds-chicago-109?osq=cafe,https://s3-media3.fl.yelpcdn.com/bphoto/_cPRIcRhQatCk01zLm0WmQ/ls.jpg,https://www.yelp.com/biz/mcdonalds-chicago-109?osq=cafe,"data:image/gif;base64,R0lGODlhAQABAIAAAAAAAP///yH5BAEAAAAALAAAAAABAAEAAAIBRAA7",https://www.yelp.com/biz_photos/F5K6P24-C00n9sHF96a_sQ,[object Object],Click on the arrow to explore business photos.,63.,McDonald’s,https://s3-media2.fl.yelpcdn.com/assets/srv0/yelp_design_web/9b34e39ccbeb/assets/img/stars/stars.png,10 reviews,$,Burgers,https://www.yelp.com/search?cflt=burgers&find_desc=cafe&find_loc=Chicago%2C+IL+60637,Phone number,(773) 768-0153,2425 E 79th St,South Chicago,"“I stop by this location before going to work. The food is fine most times. However,  they are extremely slow and there are always people hanging outside asking…”",read more,https://www.yelp.com/biz/mcdonalds-chicago-109?hrid=-a76ITiHIJdADUsYzGIKeg&osq=cafe,",
                    ,",Fast Food,https://www.yelp.com/search?cflt=hotdogs&find_desc=cafe&find_loc=Chicago%2C+IL+60637,Coffee & Tea,https://www.yelp.com/search?cflt=coffee&find_desc=cafe&find_loc=Chicago%2C+IL+60637
https://www.yelp.com/biz/dunkin-donuts-chicago-267?osq=cafe,https://s3-media4.fl.yelpcdn.com/bphoto/KYTOqE2FLFeUwGrovR2VCA/ls.jpg,https://www.yelp.com/biz/dunkin-donuts-chicago-267?osq=cafe,"data:image/gif;base64,R0lGODlhAQABAIAAAAAAAP///yH5BAEAAAAALAAAAAABAAEAAAIBRAA7",https://www.yelp.com/biz_photos/h_h53gKiDLz6dpzRKwkYjQ,[object Object],Click on the arrow to explore business photos.,64.,Dunkin’ Donuts,https://s3-media2.fl.yelpcdn.com/assets/srv0/yelp_design_web/9b34e39ccbeb/assets/img/stars/stars.png,13 reviews,$,Coffee & Tea,https://www.yelp.com/search?cflt=coffee&find_desc=cafe&find_loc=Chicago%2C+IL+60637,Phone number,(773) 571-4867,1400 E 47th St,Kenwood,“The quality of the product is the same across the board at all DD and BR. The cleanliness is average and the staff is average (not horrible and not stellar).…”,read more,https://www.yelp.com/biz/dunkin-donuts-chicago-267?hrid=ebGUjRHqlYOdLX5GdKuY4A&osq=cafe,",",Donuts,https://www.yelp.com/search?cflt=donuts&find_desc=cafe&find_loc=Chicago%2C+IL+60637,,
https://www.yelp.com/biz/mcdonalds-chicago-131?osq=cafe,https://s3-media2.fl.yelpcdn.com/bphoto/otUhpK-CI_LRpUXkq8qiwg/ls.jpg,https://www.yelp.com/biz/mcdonalds-chicago-131?osq=cafe,"data:image/gif;base64,R0lGODlhAQABAIAAAAAAAP///yH5BAEAAAAALAAAAAABAAEAAAIBRAA7",https://www.yelp.com/biz_photos/6Tu-d4Sg3f-9IdZkd1gUZg,[object Object],Click on the arrow to explore business photos.,65.,McDonald’s,https://s3-media2.fl.yelpcdn.com/assets/srv0/yelp_design_web/9b34e39ccbeb/assets/img/stars/stars.png,20 reviews,$,Burgers,https://www.yelp.com/search?cflt=burgers&find_desc=cafe&find_loc=Chicago%2C+IL+60637,Phone number,(773) 924-6070,740 E 47th St,Grand Boulevard,"“The food is always fresh. However no one wears hair nets. The lady doing fries has no gloves on, fries falling on her hand and back into the warmer. I jus…”",read more,https://www.yelp.com/biz/mcdonalds-chicago-131?hrid=JSwXCbPx7Tbg-sR1rnAXNw&osq=cafe,",
                    ,",Fast Food,https://www.yelp.com/search?cflt=hotdogs&find_desc=cafe&find_loc=Chicago%2C+IL+60637,Coffee & Tea,https://www.yelp.com/search?cflt=coffee&find_desc=cafe&find_loc=Chicago%2C+IL+60637